iteration,scaling_factors,train_score,test_score
0,"[0.99050691 0.9919533  0.9971823  1.00055433 1.00391279 0.99514846
 0.99817702 1.00155679 1.00480874 1.00777893 0.99776668 0.99551122
 1.00712618 0.99199164 0.99979856 0.99812954 0.99690002 0.99741104
 1.00616479 0.99550853 1.00202002 0.99228612 1.00835428 1.00055488
 1.00900538 1.00933295 0.99513313 1.0003576  1.00596587 0.99053841
 0.9929703  1.00710385 0.99143861 1.00415051 0.99197744 0.99961484
 1.00377559 1.00947383 0.99719083 0.99060161 0.99634204 1.00097652
 1.00444669 1.00957585 1.00834892 1.00198069 0.99362608]",0.9996827387366881,0.7580514459516898
1,"[0.99214682 0.98794563 1.000113   1.00247346 0.99983004 0.99069972
 1.00310212 1.00313665 1.00323217 1.0175163  1.00186363 0.99366589
 1.00834536 0.99664995 0.99326883 0.99740493 0.98853506 0.99621455
 1.01594301 0.99892208 0.99769214 0.99048936 1.00621425 1.00192871
 1.00982761 1.00159363 0.99427935 0.99209996 1.01222492 0.98310339
 0.98354616 1.01351216 0.99352243 1.0022635  0.99305551 1.00576302
 0.99911044 1.00375666 1.00348923 0.99145061 0.99485946 1.01042602
 1.01315668 1.00456375 1.00544494 1.00480741 0.99787131]",0.9994649629969944,0.753493691053579
2,"[0.99042905 0.98766322 1.00740122 1.01019595 0.99625449 0.99420674
 0.99555645 0.99983644 0.99717851 1.01607148 1.01125304 0.99318031
 1.00691498 1.00520217 0.98514091 0.99491102 0.98459099 0.99953128
 1.0086714  0.98995136 0.98812237 0.98921318 1.00599702 1.01027699
 1.01712567 1.01137779 0.98909028 0.98477783 1.01635305 0.97883779
 0.99065189 1.00908966 0.99179734 0.99970083 0.99388758 1.01273929
 0.99992855 1.00052638 1.00385191 1.0000716  0.9905815  1.00690195
 1.01147386 0.99989096 1.01155054 1.00952122 0.99001736]",0.999204676890276,0.7539486190522856
3,"[0.98673915 0.99299823 1.00454397 1.00505265 0.99135233 0.98911028
 0.98711273 1.00034027 0.99077643 1.02413329 1.0192368  0.98889348
 1.00237624 1.00296542 0.98701626 0.98556901 0.97544511 0.99001802
 1.0022443  0.99558944 0.99129482 0.98642775 1.01283447 1.00874777
 1.01611888 1.01357305 0.99001429 0.98418    1.01245508 0.97445008
 0.98976446 1.00053685 0.99191745 0.99410881 1.00068153 1.00637351
 1.00393686 1.0021885  0.99755427 1.00549514 0.98762268 0.99968678
 1.01424847 1.00125532 1.0129758  1.01452987 0.99261685]",0.9988709775467656,0.7537557503373292
4,"[0.99486059 0.99798141 1.00586516 1.01022723 0.99222807 0.99492406
 0.98546867 0.99915889 0.98622335 1.03331312 1.01520216 0.98792753
 0.99383813 1.00962631 0.99546919 0.9836516  0.97720993 0.98877757
 0.9985284  1.00515565 0.99346087 0.98638239 1.0161276  1.01055765
 1.01876045 1.01391368 0.98277426 0.9832873  1.00986311 0.98351459
 0.99476614 1.00670507 0.98458034 0.98584736 1.00145984 0.99835053
 0.99962866 1.01006521 1.00192722 0.99933492 0.98322532 0.99477361
 1.00496812 0.99297522 1.00454327 1.00761201 1.00022321]",0.9988542184879488,0.7595718904022777
5,"[0.99878372 0.99310191 1.01508647 1.00746715 0.98597361 1.00112666
 0.98950137 1.00037028 0.99423446 1.03926945 1.01562375 0.98867106
 0.99298574 1.01897141 1.00243978 0.99135877 0.98239939 0.98153667
 1.00299018 1.00804919 0.98982786 0.99194274 1.01126874 1.01201264
 1.02859616 1.00591066 0.98228008 0.98863932 1.0104081  0.98111126
 0.98861846 0.99738927 0.98604895 0.99366939 1.00492423 0.99091844
 0.99778415 1.0006295  1.00767111 1.00151349 0.99080315 1.00270367
 1.01083539 0.99066466 1.00184749 1.01234326 1.00784129]",0.998740580345481,0.7545757260565495
6,"[1.00841148 0.99213836 1.01408308 1.00638588 0.98167737 1.00993336
 0.98039238 1.00797443 0.99604416 1.04649736 1.00822572 0.98605002
 0.99203138 1.01740674 1.00442145 0.98778772 0.99003824 0.9821605
 0.99355907 1.00851505 0.9831576  0.98692443 1.00640863 1.0209346
 1.02777082 1.00942607 0.97767964 0.99418823 1.0111997  0.98295565
 0.99848789 1.00733306 0.9886509  0.98424367 1.01105502 0.99359254
 0.99866955 0.99705881 0.99851517 1.00712065 0.99179012 0.99420975
 1.0146872  0.98616128 1.01087016 1.0038276  1.00474214]",0.9986066022646045,0.7539924926845396
7,"[1.00789114 0.99669087 1.00441576 1.01545029 0.98208601 1.01862875
 0.97302035 1.00760552 0.99767829 1.04098967 1.01606221 0.99581503
 0.98875637 1.01039363 0.99820192 0.98889489 0.99061675 0.97319646
 0.98697949 1.00495425 0.9900722  0.9788659  1.01504435 1.01461859
 1.03103556 1.01048582 0.97156712 1.00102546 1.00576456 0.97502547
 1.00705156 1.01602641 0.99343598 0.98725367 1.01587829 0.98949927
 0.99890212 0.99117567 0.99004909 1.01440456 0.98520113 1.00341974
 1.01826742 0.97848404 1.00380818 0.99617408 1.01073124]",0.9981206473377968,0.7593682982736737
8,"[0.99895213 0.98861786 0.99736352 1.02300145 0.98511048 1.01157008
 0.97748889 1.01534559 1.00281362 1.04864516 1.01594752 0.98796823
 0.99083838 1.00757146 0.99659643 0.9811514  0.98647329 0.96384493
 0.98441658 1.01446548 0.98551259 0.98401843 1.01045753 1.00915817
 1.02699327 1.02045532 0.98076669 1.00911289 0.99593179 0.97075496
 0.99820645 1.00762191 0.99275213 0.99155078 1.01150156 0.99823233
 0.99298833 0.98151675 0.99232167 1.01717421 0.98346717 1.00263464
 1.01267042 0.98207151 0.99531294 0.99329434 1.01816097]",0.9977777721287664,0.7539253831191981
9,"[0.99851685 0.98831906 1.00015517 1.02915218 0.98440077 1.01785903
 0.97656152 1.01861511 1.00846732 1.05066621 1.00999552 0.97998552
 0.98425423 1.00995614 0.99732464 0.98122313 0.98566737 0.96607776
 0.98164692 1.01226026 0.98509939 0.97477455 1.00139228 1.00784765
 1.0197888  1.0303453  0.98264441 1.01174188 1.00090625 0.96828185
 0.99398623 1.00489022 0.99967171 0.99002572 1.01880581 1.00486944
 1.0028404  0.97642434 0.99190773 1.01365334 0.9872783  1.00124159
 1.01966315 0.97365925 0.99965752 0.98346435 1.01588791]",0.9974894747545249,0.755257933863271
10,"[1.00412118 0.98290015 0.99276581 1.02406657 0.98437229 1.02489853
 0.98487155 1.00992979 1.0084511  1.04653406 1.01516184 0.97641416
 0.97932661 1.00156341 1.00402785 0.97355079 0.97620378 0.9700437
 0.97277353 1.01631585 0.98990038 0.98192907 1.00053345 1.0152505
 1.01937244 1.03726808 0.97540097 1.01175018 1.0020706  0.9754923
 0.98773885 0.99818929 0.99089669 0.99268638 1.02002681 1.00282706
 0.99858743 0.98316736 0.99068889 1.02184379 0.987788   1.00906893
 1.02373128 0.96750395 0.99551665 0.97620018 1.00738628]",0.9973923807936235,0.7541996075458863
11,"[0.99885154 0.98959921 0.99102826 1.03289788 0.98780205 1.03413497
 0.98316102 1.01708702 1.01475609 1.05515249 1.01722919 0.98291976
 0.97720251 1.00260903 1.00321612 0.96953877 0.97965269 0.96369552
 0.96363461 1.02246742 0.98075128 0.98586144 1.00978797 1.01605853
 1.01109153 1.03566788 0.98217305 1.01632112 1.00672169 0.97648081
 0.99557436 0.99857332 0.99588291 0.99584447 1.02839695 1.00571406
 0.99933305 0.9912658  0.99330573 1.0134003  0.99137026 1.00564186
 1.02443078 0.96579325 1.00217377 0.98010701 1.01052123]",0.9968253845012087,0.7541805943464193
12,"[0.9950156  0.99341244 0.98451839 1.04185516 0.98521767 1.02616821
 0.98335162 1.0214545  1.01692833 1.05399709 1.01221806 0.98155562
 0.96839789 1.00828634 0.99962762 0.97563019 0.975685   0.96795992
 0.97320132 1.02557476 0.98371371 0.98635053 0.9998715  1.01500408
 1.00829949 1.04417789 0.98039067 1.01310639 1.0020073  0.97216946
 0.98790277 0.99441315 0.99777735 0.98710469 1.03736033 1.00688324
 0.99846036 0.99718274 0.98831422 1.01738061 0.9890126  1.00218578
 1.02258636 0.9653953  1.01066491 0.97942437 1.01396475]",0.9964094322612154,0.7543025899977003
13,"[0.99467356 1.00079572 0.9879187  1.03274788 0.99236344 1.03603197
 0.98818586 1.01552642 1.0198458  1.0497369  1.01321619 0.97877124
 0.96524789 1.01660008 1.00111686 0.98256286 0.97897129 0.97681089
 0.98263634 1.02639161 0.98514807 0.99095106 1.00401533 1.01532652
 1.00224372 1.04845846 0.98936529 1.01012682 1.0051713  0.96233507
 0.98584558 0.99003598 0.99520164 0.98830825 1.0415291  1.00905301
 0.99225809 1.00070693 0.99166913 1.01242526 0.98795573 1.01176972
 1.01473719 0.97510229 1.01601182 0.97967532 1.01265328]",0.9966598926950516,0.7541221207485398
14,"[0.99894899 0.99513662 0.98282652 1.02297403 1.00019805 1.0404368
 0.98102045 1.00866119 1.01308271 1.05356393 1.00336826 0.98531298
 0.9741868  1.02094341 1.00552222 0.97342852 0.97989863 0.98496356
 0.98407509 1.03189424 0.98654599 0.99886568 1.00629484 1.00705003
 1.0022327  1.05245065 0.98292294 1.01137317 1.00005167 0.96328478
 0.98784094 0.99031821 0.99468139 0.99517434 1.04791076 1.01778422
 0.99916501 1.00949907 0.99769513 1.00778384 0.98943654 1.01882075
 1.00531834 0.97203796 1.02480214 0.97009299 1.01955259]",0.9967453720391778,0.7545386421665543
15,"[1.00143279 1.00027727 0.98303866 1.01383904 1.00190718 1.03885051
 0.9807377  1.01680451 1.0042111  1.05729198 1.00088163 0.99084785
 0.97437837 1.02002449 1.00293124 0.97513046 0.98457117 0.97545834
 0.97727772 1.02433707 0.99358449 1.00661357 0.99731505 1.00535373
 0.99920346 1.05957208 0.97595741 1.01198986 0.99920012 0.96635977
 0.98864653 0.98907032 0.9853227  0.99758185 1.04976682 1.01971395
 0.99335849 1.00950808 0.99656927 1.00992019 0.99646638 1.01377672
 1.00891903 0.96583192 1.02163947 0.97481501 1.02100802]",0.996647775667372,0.7545000711371438
16,"[0.99791448 0.99272558 0.98937752 1.00550239 1.00248215 1.03383441
 0.97416004 1.00711796 1.01352369 1.06000029 1.00186781 0.99588734
 0.97486631 1.02058067 1.00234908 0.96998657 0.98296782 0.98324519
 0.98166064 1.02524707 0.9845402  0.99912676 0.99949682 1.00509731
 0.99947982 1.06953825 0.97087417 1.00875518 1.00183591 0.97324083
 0.9841873  0.98148146 0.98203811 0.99529768 1.05654727 1.02277783
 0.98546672 1.00596583 0.99188697 1.00669141 0.99546055 1.01743242
 1.01622516 0.96634873 1.03082881 0.9663433  1.02870434]",0.9963940488869582,0.7544747879851044
17,"[1.00118409 1.00223576 0.99403541 1.00033571 1.01141419 1.03682836
 0.97118874 1.01483024 1.00414002 1.0585007  1.00571835 0.99935641
 0.96613453 1.02332237 1.00671301 0.97789154 0.98117346 0.98927088
 0.98818702 1.02297345 0.9868636  1.00258394 0.99337023 1.00620217
 1.00377813 1.07373816 0.96566732 1.00094727 1.00820204 0.9795163
 0.98683076 0.98241738 0.98583362 1.00253651 1.04818228 1.01861085
 0.97629218 1.00300201 0.98361524 1.01324238 0.98970588 1.02163236
 1.00885187 0.97052944 1.03662559 0.97375614 1.0302846 ]",0.9964003267308472,0.7552655827868023
18,"[0.99547069 1.00094267 0.99208352 0.99794052 1.02002975 1.03728447
 0.97745197 1.00509462 1.0087004  1.04996706 1.01118215 1.00030453
 0.96542376 1.03316872 1.01161887 0.97244073 0.97674129 0.9870557
 0.98894989 1.02675478 0.98384772 1.01001822 0.99372323 1.01271479
 1.00035353 1.0711188  0.96057091 1.00785135 1.00304994 0.97377356
 0.98156086 0.98336206 0.98896153 1.00206268 1.04561586 1.02836635
 0.985387   1.01257673 0.9934519  1.01618679 0.99943345 1.03080111
 1.0153549  0.96808922 1.03931921 0.96403566 1.03630789]",0.9960811765332475,0.7550483298977726
19,"[0.99764626 1.00165168 0.99483633 0.99582892 1.01309952 1.03741216
 0.97875247 0.99721327 1.00109645 1.0489268  1.01404051 1.00836895
 0.97484849 1.03384676 1.00710893 0.96692344 0.96690012 0.99679132
 0.98129771 1.03084615 0.98239782 1.00190511 0.99521047 1.00538588
 1.00249602 1.08110061 0.96374317 1.01208527 1.00334443 0.9735835
 0.98755061 0.97931348 0.97967083 0.9957244  1.0370007  1.03831621
 0.9825391  1.00268653 0.98591514 1.00808579 0.99666547 1.03889439
 1.01476915 0.97257296 1.04388438 0.95721034 1.03152317]",0.9957372699807556,0.7544568123420459
20,"[0.98890226 1.00385729 0.99838042 0.99361059 1.02280925 1.04086105
 0.97419467 0.99164791 0.99349257 1.05665247 1.02221258 0.99861168
 0.97318972 1.03519111 1.00228313 0.96105859 0.96606365 0.99830662
 0.97932826 1.02734706 0.97509245 1.00535191 0.99499315 1.00573577
 1.00482523 1.08569203 0.95443881 1.01734314 0.99607884 0.96962179
 0.98548117 0.97024675 0.98484974 0.99077828 1.04141555 1.0397733
 0.99141433 1.00816714 0.99437245 1.00728461 1.00360913 1.02892845
 1.02096088 0.98147274 1.05182524 0.96402894 1.0356015 ]",0.9951216583269996,0.7543240520797274
21,"[0.99412328 1.00579855 0.99846616 0.98396604 1.01914621 1.0486965
 0.97472344 0.99007098 0.99329401 1.05526045 1.01656963 1.00424666
 0.97092458 1.0404941  1.01203652 0.96580817 0.96886391 1.0064611
 0.98380686 1.02235811 0.97997843 1.01370634 0.99163284 1.01168932
 1.01108391 1.0782312  0.95451515 1.02665725 1.00053817 0.96635135
 0.9790659  0.97786189 0.97700791 0.99377371 1.03635914 1.04144604
 0.99756823 1.00077195 0.99399432 1.00969091 1.01124869 1.02657738
 1.01366729 0.97197741 1.0527523  0.95814991 1.03776019]",0.9949583602512478,0.7549435780420606
22,"[0.99433672 1.00952602 0.99289957 0.98432319 1.02893104 1.04759364
 0.97921472 0.99886936 0.9924463  1.06174361 1.00894953 0.99594943
 0.97746524 1.04314077 1.02203199 0.96568516 0.96212952 1.01411085
 0.98960812 1.02807919 0.98383307 1.02049019 0.99327644 1.01142479
 1.00992449 1.07612697 0.94586403 1.03254933 1.00927068 0.95683445
 0.98829252 0.97381646 0.97719632 0.99789762 1.04161194 1.04102674
 0.9895529  1.00339345 0.98522509 1.00931895 1.01871099 1.03355461
 1.01747109 0.96217225 1.04604453 0.95185478 1.04536884]",0.9946505944404773,0.7547407617060305
23,"[0.98678774 1.01716919 0.9849137  0.97561617 1.0291399  1.0504653
 0.9762938  0.99214083 0.99870001 1.0520253  1.00598169 0.99954589
 0.9756622  1.04068029 1.03181014 0.96755041 0.96402575 1.00650141
 0.98764898 1.02506788 0.97627438 1.01359329 0.9901547  1.01973405
 1.01456423 1.07580811 0.95027044 1.02639939 1.00948012 0.95567262
 0.98253829 0.98279466 0.98304124 0.99610486 1.0509018  1.03407401
 0.98684705 1.00742382 0.98880947 1.01310243 1.01312396 1.02546031
 1.02021552 0.96155132 1.03750074 0.95842564 1.05392176]",0.9944117416941133,0.7550543071657019
24,"[0.98192455 1.01516775 0.97799665 0.9760183  1.03061906 1.04652049
 0.97103483 0.99075111 1.00521048 1.05663464 1.00761364 1.00376416
 0.98511762 1.04685594 1.03403007 0.97072175 0.96905612 1.01216372
 0.97954384 1.03080062 0.96718245 1.01855505 0.99396282 1.01953378
 1.01230529 1.08264407 0.94967383 1.01972758 1.0097466  0.94848216
 0.97876325 0.97436676 0.97693922 1.00250308 1.05315456 1.03433645
 0.98327873 1.00653813 0.98590704 1.01913464 1.00924892 1.02808827
 1.01481426 0.97101759 1.03559135 0.957991   1.05040619]",0.9936468154005343,0.7548117293283665
25,"[0.97730582 1.00786417 0.98293883 0.9823954  1.02477893 1.05218401
 0.97126506 0.98665812 1.01295347 1.05128826 1.01654699 1.00723911
 0.99217951 1.04123563 1.04136859 0.96639187 0.96775303 1.01150917
 0.97862231 1.02868682 0.95776349 1.01062249 0.98708399 1.01253018
 1.01888931 1.09034783 0.94246222 1.01253486 1.01005664 0.94070052
 0.98171396 0.97613605 0.98072981 0.9996289  1.05190955 1.03428833
 0.98929126 1.01000684 0.99139559 1.01569652 1.00009518 1.03543478
 1.01660405 0.97903407 1.03181851 0.95232045 1.04994988]",0.9932316964729837,0.7546621455104594
26,"[0.97526828 1.00072756 0.97352877 0.97452435 1.02322885 1.05460003
 0.9712213  0.99494661 1.01877975 1.04778456 1.01800053 0.99742294
 0.98448163 1.03884168 1.03691941 0.9730133  0.96178418 1.01873658
 0.97538262 1.02422834 0.96590145 1.01508083 0.9868231  1.00644289
 1.01799448 1.08081019 0.93937112 1.01348016 1.01183861 0.93918625
 0.97537167 0.96920854 0.97816684 1.00430087 1.04873463 1.03580014
 0.99148159 1.00866619 0.99103378 1.0148931  0.99574952 1.02947914
 1.01798277 0.98547172 1.03731929 0.94326767 1.0581318 ]",0.9933274708560214,0.7547213165329691
27,"[0.96906017 1.00638928 0.98204546 0.96983425 1.02383276 1.05083196
 0.96488698 0.99420277 1.01667198 1.03863385 1.02547215 0.9974282
 0.98497348 1.03411815 1.02813072 0.96981474 0.96424831 1.00946616
 0.97524013 1.02044449 0.95854135 1.01007329 0.99481963 1.00203893
 1.02617151 1.07297299 0.94493107 1.01697741 1.01095916 0.94507585
 0.98126244 0.97684718 0.97976614 0.99875376 1.05306053 1.03934657
 0.99910152 1.00197526 0.98606888 1.02341426 0.99021999 1.03853853
 1.02709552 0.9818298  1.04070851 0.94387762 1.05945423]",0.9936744528963586,0.7552544873908077
28,"[0.96582486 1.00528207 0.98713709 0.96811019 1.0310804  1.05813473
 0.97011888 0.99187364 1.0196015  1.03789096 1.02135904 0.99957557
 0.99334932 1.04256726 1.02621426 0.96934416 0.95597557 1.00892718
 0.96748434 1.02620677 0.9657954  1.007477   0.99988993 1.00559021
 1.02197875 1.07980341 0.95085831 1.02514921 1.01369313 0.95401933
 0.97989494 0.96862618 0.97133004 1.00294809 1.055857   1.04588231
 0.99300779 1.00861429 0.99365438 1.02310953 0.98255428 1.03575218
 1.03379774 0.98871482 1.0437335  0.94140535 1.06897509]",0.9932012818613655,0.7546599038673425
29,"[0.96280864 1.00783067 0.98813034 0.97682633 1.03163663 1.05366198
 0.9625946  0.99454887 1.02081344 1.04597842 1.0248253  1.00672862
 0.98458522 1.03279908 1.02752152 0.97460737 0.95028096 1.01609898
 0.97204815 1.03518447 0.97574053 1.00729859 1.00695056 1.0025929
 1.02307957 1.07843593 0.94951454 1.02161533 1.00610359 0.9449585
 0.9725395  0.97118901 0.9751732  1.00945073 1.04812918 1.03691694
 0.99384665 1.01373183 0.99608873 1.02614947 0.98494008 1.03801085
 1.04202686 0.99782166 1.0439429  0.93551798 1.07482223]",0.9931381378719494,0.7538795399597961
30,"[0.96890737 1.01704104 0.97836312 0.96699367 1.02600802 1.04977345
 0.96464328 1.00185123 1.02763463 1.03807583 1.03366092 1.00574513
 0.97882846 1.02715293 1.0351976  0.97572768 0.94974556 1.02521294
 0.9627812  1.02814064 0.98084454 0.99865102 1.0045928  1.00829839
 1.01427804 1.08434561 0.94292027 1.01657442 1.01559945 0.93806186
 0.97766934 0.96226903 0.97733124 1.0073836  1.0476742  1.04393222
 0.99768305 1.01951549 1.00465222 1.03612734 0.97581453 1.04112897
 1.03892051 1.00506238 1.03608742 0.9307725  1.07003715]",0.9925653188359074,0.7536862033272355
31,"[0.97062983 1.02655231 0.97809245 0.95884831 1.03468957 1.05359521
 0.97385816 1.01159855 1.02634262 1.0312895  1.02981972 0.99763536
 0.97489896 1.02572808 1.02684122 0.98111947 0.95329291 1.01924987
 0.95586309 1.01889053 0.97609748 1.00212744 1.01389998 1.01152493
 1.01133067 1.07951224 0.93523282 1.01835406 1.01708076 0.93603942
 0.9786455  0.97210989 0.97601687 0.99752131 1.03997708 1.04931718
 0.989101   1.02644842 1.00284038 1.0316882  0.97861403 1.04718947
 1.03260165 1.01432716 1.03481536 0.93174825 1.0636325 ]",0.9926410006100586,0.7538626192357392
32,"[0.96643283 1.01713421 0.98363142 0.96643743 1.03386661 1.06019383
 0.96584589 1.01137348 1.03601907 1.02515256 1.02015891 0.99249399
 0.984023   1.0257476  1.01899696 0.98961573 0.95917907 1.02200941
 0.96150674 1.01663175 0.97964488 1.00725777 1.01813146 1.01228758
 1.01050159 1.07454292 0.93835697 1.02522244 1.01715919 0.93442873
 0.97631109 0.98207275 0.9733223  0.99951691 1.04986659 1.05158287
 0.99851682 1.03625429 1.00529246 1.03662846 0.98328535 1.04974702
 1.03597305 1.02158362 1.04278485 0.92643574 1.06033404]",0.9926619385029056,0.7535124151415111
33,"[0.97357853 1.00831994 0.99063297 0.96751126 1.04094586 1.05824821
 0.95586968 1.01353487 1.02613882 1.01987355 1.01635037 0.99618006
 0.9827316  1.02668605 1.02747476 0.99394164 0.95848114 1.0126751
 0.95236201 1.00694241 0.97932488 1.01058334 1.01836204 1.0178958
 1.01839208 1.08433308 0.93801317 1.02150731 1.01514399 0.93123399
 0.98255103 0.98239879 0.97333489 1.00294688 1.04057415 1.04920623
 0.99491205 1.0310742  1.00647089 1.04106417 0.97467459 1.05220551
 1.03448253 1.01452024 1.05049927 0.92812991 1.06138431]",0.9925969153447946,0.7530591643296547
34,"[0.9768538  1.01457853 0.99955306 0.97572178 1.034387   1.05932698
 0.95854305 1.02071558 1.02525399 1.01088852 1.02226069 1.00482273
 0.98684079 1.02352585 1.02315014 0.99355495 0.96379389 1.02200935
 0.94947271 1.01539261 0.98417043 1.00729424 1.02409206 1.01271717
 1.02022867 1.08910317 0.94142441 1.01333067 1.0084454  0.92916914
 0.98411743 0.98961147 0.97545893 0.99305817 1.03755251 1.04787171
 0.98996281 1.03489223 1.00912919 1.04526899 0.97437368 1.05212032
 1.03518587 1.01630218 1.05307893 0.93607427 1.06915435]",0.9925151302942342,0.7530721971766771
35,"[0.97249712 1.00896034 0.99704166 0.98338561 1.04341778 1.06592217
 0.95126646 1.02024153 1.01875096 1.01333943 1.02521191 1.00161906
 0.98654788 1.01515614 1.0244038  0.99112086 0.9607285  1.02972774
 0.95677076 1.02498718 0.97799967 1.01122648 1.01898185 1.00535751
 1.01608431 1.09837698 0.93425038 1.00526364 1.00478486 0.92773326
 0.98002373 0.99345016 0.97693351 0.99685912 1.04141001 1.0470554
 0.99249956 1.03115816 1.00823491 1.04274924 0.975798   1.04395565
 1.03472495 1.0149629  1.05099378 0.93049565 1.06408664]",0.9920029205219132,0.7541041025068835
36,"[0.97860412 1.01513531 1.0043505  0.98960272 1.04027975 1.06948773
 0.94516489 1.02411788 1.00940656 1.01085722 1.03151254 1.00373973
 0.98192605 1.01162998 1.01808499 0.98747401 0.96981004 1.03566975
 0.96260888 1.03305288 0.97298215 1.01059788 1.0118552  1.00552976
 1.02436339 1.09186593 0.93671228 1.00847627 1.01011142 0.93623618
 0.97011269 0.98353254 0.97449927 0.99034765 1.04600817 1.04313566
 1.00167708 1.02476296 1.00169795 1.04241361 0.98162082 1.04891045
 1.03192605 1.02276796 1.05844914 0.92430948 1.06458419]",0.9923877645120711,0.7536875553733458
37,"[0.97920498 1.0153397  1.0142429  0.98100792 1.04992127 1.07816461
 0.94706658 1.01865678 1.01164334 1.01648384 1.04051729 1.00706882
 0.98032775 1.0160088  1.01069783 0.98467352 0.96841307 1.02675243
 0.97116967 1.03191816 0.97772574 1.00217241 1.01429014 1.01463342
 1.02356714 1.0827743  0.93089342 0.99908188 1.00296215 0.9274118
 0.96466725 0.97522471 0.96915197 0.98616417 1.04807737 1.03680522
 1.00508903 1.02303192 1.00415132 1.05138369 0.98154479 1.0422802
 1.03146253 1.0216001  1.05408959 0.92842161 1.05582685]",0.9917765467448743,0.7548196731351404
38,"[0.98444389 1.02318091 1.01424358 0.98596032 1.05070043 1.07938846
 0.95608132 1.01940724 1.01502976 1.025875   1.04900769 1.01654289
 0.97812873 1.02442823 1.01838633 0.97826521 0.96582464 1.02855922
 0.96238723 1.0250636  0.96812716 1.00260438 1.02358234 1.01159876
 1.02231469 1.08184892 0.92188209 0.99611787 0.99819787 0.92977589
 0.96538452 0.97857296 0.96483378 0.99427143 1.0436859  1.03479362
 0.99965328 1.01608655 0.99606752 1.04699325 0.98500299 1.0452315
 1.03698775 1.01236527 1.06032841 0.92484331 1.04737231]",0.9914095688795905,0.7544117757833914
39,"[0.97890977 1.03121895 1.01013091 0.98457712 1.04428875 1.07132005
 0.94717914 1.01000111 1.0064132  1.03076092 1.0571276  1.01555974
 0.98391745 1.0187808  1.01870952 0.97986075 0.96793478 1.02780427
 0.95652188 1.02458085 0.96602675 1.00755044 1.01745023 1.00660883
 1.0178658  1.07531987 0.91279741 0.99433352 1.00458037 0.93091054
 0.96177391 0.98235053 0.97280737 0.99704547 1.03869056 1.02908804
 0.99053219 1.00862293 0.99560295 1.04633008 0.9823344  1.03857348
 1.03366038 1.00741616 1.06930315 0.93014678 1.04366823]",0.9917694569484959,0.7602352767802049
40,"[0.98304604 1.02805621 1.00289345 0.98640751 1.04584446 1.06412768
 0.94002999 1.003932   1.00181959 1.02856506 1.06077124 1.01728027
 0.99242494 1.02683588 1.0234487  0.97306012 0.96656696 1.03730954
 0.96245113 1.01693584 0.97241341 1.01418197 1.01990795 1.01024085
 1.0145843  1.07167232 0.91067287 0.99111267 1.0090675  0.93012533
 0.96221033 0.97287285 0.97680331 0.99767732 1.04400299 1.03271738
 0.98497702 1.01418358 0.98754871 1.04711088 0.98559442 1.04651837
 1.02869971 1.00925469 1.07464178 0.93492358 1.04635716]",0.9916300440292464,0.759849620064897
41,"[0.98754396 1.0201712  0.99434588 0.9938329  1.0522344  1.05738467
 0.94411892 1.01276995 1.00849477 1.02939129 1.06144176 1.0220403
 0.99257809 1.02498943 1.01469632 0.98056372 0.97642728 1.03398829
 0.96181254 1.01434129 0.97538753 1.0188116  1.0184006  1.00624573
 1.02209755 1.08152258 0.91663191 0.99248642 1.00983236 0.93221422
 0.95477307 0.97665562 0.97169654 1.00218084 1.04310272 1.04195464
 0.97935289 1.01516455 0.99166731 1.04582995 0.99327408 1.04473344
 1.03195025 0.9999204  1.07633361 0.92739487 1.05033037]",0.9916632829239084,0.7554661787061557
42,"[0.9843849  1.02304286 0.98738727 0.98606997 1.05568024 1.06502739
 0.94456786 1.00378708 1.01127888 1.03691015 1.05958839 1.03060436
 0.98377915 1.02592964 1.00871926 0.98305406 0.96810979 1.03793162
 0.96623248 1.01834347 0.9698525  1.01719673 1.01938582 1.01581203
 1.02379668 1.07501749 0.91734435 1.00197859 1.002994   0.92518779
 0.95122821 0.98088681 0.96784551 1.001799   1.04161518 1.04139675
 0.96967841 1.0245368  0.99764165 1.05434456 0.99279992 1.04037449
 1.02867993 0.99227823 1.07323554 0.92857482 1.04552762]",0.9910581712418431,0.7543563840376479
43,"[0.98896212 1.02193176 0.9887905  0.99520997 1.04873801 1.05895181
 0.941579   0.99518931 1.00305138 1.032583   1.06388261 1.02153455
 0.98266816 1.03573695 1.01397088 0.97914163 0.97269356 1.02934226
 0.95725082 1.02349945 0.96311965 1.01966042 1.01191654 1.00945672
 1.03368388 1.07631195 0.91899056 0.9999092  1.00766909 0.9261145
 0.94545361 0.99051982 0.97739672 0.99897455 1.04183478 1.03199991
 0.96019702 1.02465019 0.99025649 1.05251417 0.98948456 1.03539032
 1.03428079 1.00090351 1.07789229 0.92724282 1.04754736]",0.9909786425983088,0.7546713143267938
44,"[0.98229665 1.03164374 0.99628734 0.98680699 1.04721531 1.05506636
 0.94893352 0.98723746 1.00573619 1.02566762 1.07275074 1.02546087
 0.9727844  1.03527587 1.0200485  0.98278332 0.96592908 1.02596689
 0.96469495 1.01435868 0.9581515  1.0251695  1.01755685 1.00418679
 1.04227683 1.08272635 0.9172     1.00891805 0.9988005  0.92541585
 0.95464554 0.98204429 0.98064694 0.99528776 1.04533241 1.03172861
 0.95893714 1.0330857  0.99029509 1.05617941 0.99788844 1.02606923
 1.04046952 1.00261757 1.0830779  0.93384972 1.05199437]",0.9905493672801394,0.7594876803096894
45,"[0.98061024 1.02751992 0.98809252 0.97880065 1.04973093 1.05884718
 0.94780824 0.97990292 0.99926471 1.03362904 1.08140725 1.01851175
 0.964807   1.03501887 1.0256647  0.97286902 0.95873357 1.03287921
 0.96611238 1.02263033 0.94894952 1.03172405 1.0240664  1.00702579
 1.03658956 1.09055215 0.91189187 1.0053006  1.00444504 0.91769418
 0.95157963 0.99150086 0.97243956 0.98927912 1.03758286 1.03220178
 0.95781742 1.03126132 0.98259336 1.06006881 1.00764033 1.03318355
 1.04538794 1.00782039 1.0814151  0.94057697 1.05440108]",0.9890054977699877,0.7589925849633329
46,"[0.97403969 1.02246269 0.9821843  0.97494739 1.04667191 1.05196094
 0.95764479 0.98851104 1.00211634 1.02679002 1.08817802 1.01119564
 0.96784405 1.03899262 1.01820449 0.96966876 0.96183192 1.0280908
 0.97401129 1.03185711 0.95805094 1.02991777 1.02412825 1.00365588
 1.03035211 1.08316545 0.9181086  1.00214923 1.00374414 0.91023181
 0.94525158 0.99372739 0.98172229 0.99179891 1.02880914 1.0286717
 0.9645514  1.03295102 0.97271131 1.06688247 1.01619553 1.03736704
 1.05525261 1.00284113 1.07828736 0.9349254  1.05347201]",0.9891209558917031,0.7544096035173605
47,"[0.97186755 1.01663111 0.98342076 0.98136646 1.0494815  1.04730029
 0.96318694 0.99246901 1.00381418 1.03050019 1.08851475 1.00663274
 0.97559161 1.04196511 1.02646078 0.96006441 0.96793134 1.03130353
 0.96494282 1.03432774 0.96620768 1.02223044 1.0264574  0.99877036
 1.02985612 1.08938251 0.9196728  1.00548111 1.00806351 0.91010288
 0.95407986 1.00022034 0.97495315 0.98983674 1.02667286 1.02310166
 0.96345    1.04015866 0.97268604 1.07669359 1.01705538 1.02839993
 1.06361612 0.99867929 1.08158925 0.93225616 1.05364727]",0.9890195551586463,0.7536113891168419
48,"[0.97684489 1.01651103 0.9776799  0.97331612 1.04091286 1.0424789
 0.9555581  0.98770009 1.00831759 1.02851745 1.08415858 1.00443973
 0.96969317 1.03400536 1.03509981 0.96705369 0.96812105 1.03669955
 0.95526814 1.03564474 0.97046485 1.03161474 1.02403919 0.99604905
 1.02982236 1.08115089 0.92428934 1.00459399 1.00383194 0.91101656
 0.95314864 0.99768141 0.9737073  0.99036482 1.03316932 1.0252867
 0.9703922  1.03614738 0.97816433 1.08235241 1.0158746  1.02846813
 1.05766555 0.98921933 1.08595956 0.92248345 1.04561365]",0.9891333979279685,0.753498566496873
49,"[0.97769117 1.00697144 0.98187379 0.9684415  1.04813007 1.05112908
 0.95596417 0.97821532 1.01537653 1.03550206 1.08554843 1.00942132
 0.97215362 1.03937744 1.02851523 0.95963861 0.96044431 1.04116887
 0.9586283  1.04297802 0.9681512  1.02329058 1.03211601 1.00229769
 1.03486533 1.08062896 0.92408046 0.99838003 1.01260716 0.90421586
 0.95334919 0.99834363 0.98187453 0.98787968 1.04116582 1.01736832
 0.96232089 1.04459141 0.96956038 1.0891796  1.01397497 1.02349756
 1.05091785 0.99572988 1.09201812 0.91899138 1.05045657]",0.9880935651678268,0.754594557049951
50,"[0.97566707 0.99825674 0.97554209 0.96533641 1.04972342 1.04627767
 0.95974119 0.98588951 1.00986166 1.03182052 1.09016038 1.01749345
 0.96785423 1.03574805 1.03589341 0.96552063 0.9537022  1.04000355
 0.95925763 1.05020984 0.97154087 1.02524586 1.02431234 0.99865527
 1.04408523 1.07604924 0.92646857 1.00460804 1.00918787 0.89587158
 0.96137765 0.98917389 0.98802905 0.98982959 1.04620696 1.01167521
 0.95387316 1.04226285 0.9730657  1.0885122  1.02157273 1.0285831
 1.0418123  0.99122956 1.09565765 0.9261402  1.0487394 ]",0.9880806186137965,0.7536210351857835
51,"[0.96866398 1.00584321 0.97341242 0.96308736 1.05094193 1.03935666
 0.95627282 0.98556755 1.00120714 1.03316714 1.08616432 1.0146937
 0.97495711 1.04478477 1.02619617 0.96877975 0.96056887 1.03352155
 0.95901416 1.05098907 0.97294426 1.0185711  1.01986221 0.9997916
 1.03886851 1.07417036 0.9255946  1.01102667 1.01322038 0.89512273
 0.9573702  0.98576024 0.98942206 0.99358072 1.04700306 1.0190775
 0.95659124 1.05221499 0.97545234 1.08946186 1.02741364 1.03708858
 1.0330721  0.9872251  1.09164533 0.92392356 1.03958665]",0.988309051625579,0.7537287891094264
52,"[0.9663723  1.01501235 0.96416584 0.96229552 1.06003606 1.03106275
 0.95502403 0.99475512 1.00624874 1.03754938 1.09119155 1.00559808
 0.97995368 1.04997768 1.02925764 0.96638198 0.96919067 1.02951357
 0.94971322 1.04382686 0.97107766 1.01841776 1.01092079 1.00412215
 1.04648848 1.07696241 0.93381655 1.01193051 1.0052103  0.8998085
 0.95065981 0.98415996 0.98606314 1.0014768  1.04173601 1.02493485
 0.94709797 1.04243596 0.98520899 1.08430062 1.02616723 1.03082524
 1.02651566 0.98119349 1.08715229 0.92847444 1.0438827 ]",0.9884465907240456,0.7549100920913233
53,"[0.95698823 1.02237626 0.97086356 0.97100911 1.05810136 1.02313819
 0.9463887  1.00190151 1.00612936 1.03434132 1.08495472 0.99794196
 0.97754201 1.05930596 1.02325128 0.9604595  0.97280321 1.0265273
 0.94073196 1.05007191 0.97806982 1.01220238 1.01960235 0.99531443
 1.04795177 1.07220217 0.92897896 1.00518604 1.01108168 0.89839955
 0.94574635 0.99032267 0.97700842 0.99707026 1.03970087 1.02470406
 0.94128638 1.04857423 0.99231359 1.07964329 1.03127973 1.03633177
 1.02175587 0.97682933 1.08822776 0.92639019 1.04876684]",0.9882851256044202,0.7552606199223822
54,"[0.9560892  1.02418558 0.9766153  0.97701612 1.05800315 1.02836048
 0.95203502 1.0020564  1.0027617  1.02857205 1.07891989 0.99442422
 0.97993814 1.06829669 1.02913776 0.95789703 0.98045327 1.01808544
 0.93581588 1.05624048 0.98767071 1.01942814 1.01944948 0.99201234
 1.04778047 1.06795153 0.92897355 1.00879574 1.00192068 0.89958043
 0.9411807  0.99264401 0.97388163 0.99011275 1.04696522 1.03022107
 0.94553922 1.0453472  0.98547387 1.08415841 1.03346145 1.03322185
 1.02467037 0.98309666 1.07891544 0.93354832 1.05465178]",0.9881435505145031,0.7550335345971758
55,"[0.9512784  1.03321651 0.9719144  0.97526483 1.0626223  1.0357657
 0.94874072 0.9974878  0.99312729 1.02479711 1.08009628 0.99263056
 0.98807638 1.0738366  1.02082384 0.95620722 0.98599923 1.01377003
 0.93837793 1.053077   0.9896512  1.01637793 1.02692189 0.991397
 1.04743104 1.07533942 0.91908926 1.00046043 1.01144308 0.90314145
 0.93992354 0.99778165 0.96767919 0.9874541  1.0393555  1.03876653
 0.94642465 1.04252064 0.98857496 1.08201209 1.02507556 1.03016179
 1.02547542 0.97498579 1.08566719 0.94327224 1.05564441]",0.9877322776536732,0.75524649421524
56,"[0.94574913 1.03260542 0.97759111 0.96968214 1.06319253 1.04381146
 0.94883862 0.99996535 0.99994405 1.03239383 1.08264489 0.98319186
 0.9838172  1.07320103 1.02962516 0.95745965 0.98529256 1.00562998
 0.93245554 1.06161917 0.99467788 1.02388165 1.02666027 0.98626661
 1.04850239 1.08047546 0.91467723 1.00390289 1.00833003 0.90749223
 0.94478131 1.00414643 0.95823862 0.98712701 1.04816114 1.02979363
 0.93872917 1.04767057 0.9910876  1.08529653 1.01778478 1.02702403
 1.03212887 0.9841141  1.09396527 0.94167757 1.05069247]",0.9871352037571334,0.7553109579805692
57,"[0.93629753 1.03629323 0.98331502 0.97526619 1.07086378 1.05118767
 0.94155585 0.99457018 1.00286172 1.0292821  1.09140378 0.99152197
 0.97575568 1.08081956 1.01985715 0.95632773 0.98222963 1.00908142
 0.93693702 1.06713908 0.99140622 1.01528632 1.02524813 0.98781016
 1.05784922 1.07481301 0.90917575 0.99846508 1.0081534  0.91518632
 0.95351498 1.00330303 0.95444545 0.98277757 1.04365082 1.02029877
 0.93403638 1.04078543 0.9953673  1.07879705 1.02377478 1.02289075
 1.02303435 0.9851688  1.10009913 0.94422581 1.0468863 ]",0.9869961093561092,0.7550185311257378
58,"[0.92652035 1.03564809 0.99071854 0.9668865  1.07691985 1.06028489
 0.94504675 0.99188881 0.99316699 1.03183014 1.08753066 0.98836845
 0.97346058 1.07469574 1.02254649 0.94994153 0.98166943 1.00772385
 0.93893622 1.06048424 0.99670028 1.0146283  1.02022423 0.9779295
 1.04788839 1.07007946 0.90483026 1.00252499 1.01059221 0.909028
 0.94818913 0.99499138 0.95324156 0.97877423 1.03443579 1.01480748
 0.93489109 1.05004753 0.99297623 1.08826381 1.02336972 1.01980445
 1.01817963 0.98755264 1.09344952 0.93754319 1.05556126]",0.9868151614538515,0.7561838420651856
59,"[0.91670722 1.03043406 0.99262628 0.96850706 1.08468436 1.07005973
 0.94018613 0.98195242 0.99090301 1.03927691 1.0826555  0.98314126
 0.97764221 1.06781918 1.01491564 0.95786778 0.9855722  1.00376308
 0.94505634 1.05068687 1.00272858 1.01098567 1.01124941 0.9860116
 1.04561407 1.06844707 0.89776833 0.99998053 1.00821473 0.91879685
 0.9396884  0.99925987 0.95002885 0.9761996  1.02534281 1.01255131
 0.93429484 1.05492089 1.00184598 1.09470401 1.03070077 1.01539385
 1.02221953 0.99082852 1.1026824  0.93940015 1.05882808]",0.9869884928223152,0.7604381094425317
60,"[0.92228748 1.02567759 0.99510697 0.96444585 1.09390128 1.07712395
 0.94323327 0.97835713 0.99258114 1.03450879 1.08718969 0.97877751
 0.98142898 1.07730205 1.01140947 0.96767817 0.98879352 1.00249981
 0.94479573 1.05333884 0.99315373 1.00127763 1.00588832 0.98581158
 1.03988242 1.06031107 0.89819443 1.00930552 1.01516318 0.91750211
 0.94262333 0.99512437 0.94303533 0.98286416 1.0213     1.00368771
 0.93366601 1.05412285 1.0012045  1.09456204 1.03706796 1.01399269
 1.0176894  0.98186364 1.10854915 0.94732611 1.04893381]",0.9867470440840229,0.7554789947330376
61,"[0.91971968 1.02340529 1.0044482  0.9572248  1.08596236 1.07240282
 0.95022061 0.97966324 0.99734742 1.04211315 1.0896047  0.98011715
 0.97692158 1.07880154 1.01844807 0.9746586  0.9873257  1.00386619
 0.93755177 1.05252115 0.98670651 1.00713512 0.99759356 0.9763033
 1.03931829 1.06165324 0.89055312 1.00412037 1.01353975 0.91768155
 0.94099938 1.00133945 0.94202557 0.99239313 1.01876371 1.005781
 0.92738909 1.05260556 0.997403   1.09756682 1.03158876 1.00618241
 1.02230517 0.97784343 1.11143304 0.9568365  1.05167155]",0.9864221723634079,0.7551874296518156
62,"[0.92753121 1.02798004 1.01040658 0.96458255 1.07988642 1.06553007
 0.95123055 0.97369352 0.99225208 1.03760439 1.08731428 0.97950774
 0.98547027 1.0792073  1.01492498 0.98058507 0.97874507 1.00977563
 0.9363041  1.04543059 0.99154927 1.00658298 1.00159264 0.97993592
 1.03270646 1.05947866 0.88058973 1.01145148 1.01421922 0.91198929
 0.944537   1.00404973 0.95015705 0.9836925  1.00915092 1.01000872
 0.92977587 1.0554414  1.0005563  1.1039576  1.03504303 1.0051905
 1.01797219 0.97073294 1.11275182 0.94829185 1.05737366]",0.9865609743958459,0.7605091378564615
63,"[0.92638354 1.03496613 1.00814228 0.9736494  1.08027364 1.06905481
 0.94887851 0.97944259 1.00217351 1.04117741 1.09032328 0.98586097
 0.98711578 1.07216573 1.00561281 0.97241536 0.98559373 1.00041733
 0.93432474 1.04532037 1.00072642 1.0158643  1.00934309 0.98124473
 1.03920602 1.06883245 0.87906859 1.01531222 1.02089493 0.90894329
 0.93454188 1.012568   0.94548839 0.97513058 1.01600495 1.01310135
 0.93325911 1.04963116 0.99243465 1.10868335 1.03026363 1.01321671
 1.01388974 0.96667565 1.103814   0.95588402 1.06491225]",0.9860652263497565,0.760676886678301
64,"[0.92127935 1.02921745 1.01414358 0.97043516 1.07585566 1.07431208
 0.95368161 0.98224284 1.00625195 1.03503527 1.08203311 0.97791906
 0.99693667 1.07266728 1.00809624 0.97035787 0.9771314  0.99236144
 0.93830703 1.05163219 1.00726541 1.01165908 1.00978105 0.97903797
 1.04676723 1.07185085 0.88396934 1.00807981 1.029058   0.91092476
 0.92781704 1.01973183 0.93760306 0.97681813 1.00747579 1.01839929
 0.93112572 1.04052406 0.99185314 1.09899073 1.02420316 1.00697114
 1.02008522 0.95673992 1.10101413 0.95800368 1.06669552]",0.9860842871146775,0.7549357599392122
65,"[0.92586088 1.02679793 1.02166635 0.96404171 1.07140833 1.07254812
 0.95302196 0.97355611 1.00509346 1.03979836 1.07214462 0.9806432
 0.98923098 1.07404579 1.01068216 0.96832375 0.98569901 0.98523837
 0.93415344 1.04624906 1.01684143 1.00794046 1.00911381 0.98054582
 1.04367934 1.06779508 0.88184233 1.00837541 1.02660806 0.90492182
 0.93232813 1.02527162 0.94535506 0.97397879 0.99757668 1.01960506
 0.93403288 1.03817437 0.99966019 1.09836114 1.03365244 1.00618257
 1.01353122 0.96107988 1.09447333 0.95449387 1.05890995]",0.9862665482361579,0.7588334297665796
66,"[0.92553108 1.031246   1.02114142 0.96591702 1.08027449 1.06474359
 0.94352564 0.97375823 1.01259869 1.04184391 1.0702182  0.98749582
 0.99733911 1.06843983 1.01083715 0.96500342 0.98944742 0.98601563
 0.93502156 1.03821335 1.02297434 1.00396484 0.99956125 0.98712772
 1.04511711 1.0725123  0.87822076 1.0033863  1.03358617 0.90209624
 0.93991609 1.03241255 0.93566863 0.98220075 1.00465837 1.0108823
 0.9265131  1.04683605 0.99281197 1.10335953 1.03764219 1.00961524
 1.00743346 0.96635311 1.08545033 0.9577073  1.05420679]",0.9861417012825391,0.7592658612653778
67,"[0.93425789 1.03827945 1.02205478 0.9567347  1.08811368 1.06295664
 0.95151461 0.96959546 1.01013042 1.04457449 1.07409513 0.99077694
 0.99591435 1.07365349 1.01922899 0.95994156 0.98703418 0.9922892
 0.9429471  1.03337351 1.01761223 1.01378216 1.00286776 0.99266982
 1.03914099 1.06508012 0.87762549 1.01247494 1.03352388 0.91020377
 0.94591846 1.02519948 0.92671654 0.97574236 1.01076999 1.00947008
 0.92142914 1.03798817 0.9953169  1.10293999 1.03179981 1.01182168
 1.01059394 0.96058661 1.09118772 0.95280495 1.05948153]",0.9863036573962224,0.7589100314357059
68,"[0.93968231 1.0373313  1.02906278 0.9509769  1.07904668 1.06945051
 0.94697197 0.97652271 1.00055191 1.0491729  1.07424554 0.98850185
 0.98842202 1.0828134  1.01459858 0.96102957 0.99190693 0.99734756
 0.93618136 1.02475338 1.02688921 1.01173136 1.00934479 0.98854483
 1.03944566 1.05918393 0.87348831 1.00772334 1.03710721 0.91256454
 0.94681472 1.02704571 0.91709546 0.97646777 1.00657817 1.00657158
 0.92203077 1.0324799  0.98832123 1.09650716 1.03784697 1.01675351
 1.01610452 0.9537085  1.09719828 0.96219759 1.05784226]",0.9861640621815674,0.7593199389804783
69,"[0.93847199 1.04015365 1.02478412 0.94197515 1.0857642  1.06006697
 0.95555842 0.97789472 1.00987285 1.0584363  1.08161621 0.98922091
 0.99617985 1.0860257  1.009163   0.96332721 0.98693625 0.99300523
 0.94276779 1.01606436 1.02589695 1.01140151 1.00039659 0.97916139
 1.04748371 1.05529578 0.87029814 0.99938137 1.04703708 0.92037469
 0.94148889 1.01721913 0.91387764 0.96755208 1.00386829 0.99688809
 0.92869087 1.03714263 0.97999831 1.09707762 1.03381185 1.0202623
 1.02433333 0.95573201 1.10198418 0.95891382 1.05330667]",0.9858410352888636,0.7573582425432992
70,"[0.94142213 1.04034337 1.01979821 0.94760965 1.0865098  1.05410646
 0.95990973 0.96997916 1.01662142 1.05968161 1.07213187 0.97990297
 1.00355801 1.08797223 1.015064   0.97228391 0.98392214 0.9972953
 0.94417235 1.02574571 1.03027509 1.01578161 1.00147475 0.97245505
 1.03967357 1.05338372 0.86093802 0.99926411 1.05304695 0.92234019
 0.94525798 1.00986382 0.92295211 0.966764   1.00324257 0.99223436
 0.93633234 1.04087058 0.97269154 1.08866029 1.02655982 1.01877464
 1.03398775 0.96158143 1.1028976  0.96016938 1.05730665]",0.9862456510305778,0.7578002602538896
71,"[0.93150957 1.04008352 1.02382196 0.94154565 1.08878803 1.06110371
 0.95074177 0.96247021 1.02467258 1.05794144 1.06912513 0.98522364
 1.00884109 1.0904974  1.0149315  0.96294871 0.97769643 1.00461679
 0.93861683 1.02455441 1.03405723 1.02346584 0.99788358 0.96509137
 1.037059   1.05678474 0.86402489 0.99782379 1.04395925 0.92553643
 0.9405901  1.00446636 0.92989711 0.97404942 1.01273263 0.99437594
 0.93153464 1.04061812 0.96944426 1.08865231 1.02391384 1.01739914
 1.03884263 0.96292481 1.1032821  0.96157051 1.04784749]",0.9856417706574833,0.7586131576500986
72,"[0.9224485  1.03339699 1.01814137 0.9431133  1.08888662 1.05702113
 0.94368097 0.96979158 1.02570254 1.04914581 1.07414746 0.98079595
 1.01441188 1.09787788 1.0231927  0.96961689 0.9871815  1.01211414
 0.93835416 1.02031889 1.038009   1.01905257 0.9958923  0.95801818
 1.03015694 1.04760812 0.86392661 0.99978321 1.04929229 0.9170736
 0.9333821  0.99800302 0.9388215  0.96471    1.02222047 0.99276457
 0.92324089 1.04522541 0.9649003  1.09679511 1.01708348 1.01061472
 1.04873071 0.96974091 1.10793494 0.96553071 1.04998035]",0.9850185344891963,0.7592252894335226
73,"[0.92792624 1.02935788 1.01771357 0.95279509 1.09452573 1.05867081
 0.94196629 0.96070573 1.02498795 1.04568284 1.07911131 0.98477615
 1.01237008 1.09442893 1.03084346 0.96211488 0.98990554 1.00362012
 0.93235933 1.01962792 1.04649202 1.02077261 0.98693036 0.96186717
 1.03807819 1.05423381 0.86816614 0.99215195 1.05585511 0.90969838
 0.93824346 0.99825127 0.94633722 0.96367169 1.01438268 0.99835136
 0.92506907 1.04635545 0.96068497 1.09042213 1.02513453 1.00242853
 1.04389924 0.96720345 1.11572496 0.97514126 1.04557661]",0.9849718204398161,0.7577632769680628
74,"[0.9204463  1.02614527 1.02236242 0.95646849 1.08661682 1.05621412
 0.9362563  0.96006866 1.01985657 1.03785265 1.08341714 0.97580897
 1.01008642 1.09067816 1.03038778 0.96247321 0.98047493 1.00361757
 0.92309713 1.01688749 1.05296227 1.02023408 0.98906564 0.97130254
 1.04771593 1.04688777 0.87503532 1.00148255 1.04719373 0.90143322
 0.93638561 1.00204642 0.95072525 0.96049391 1.01894072 1.00590609
 0.92200812 1.04370016 0.96790446 1.08087972 1.01548229 0.99698611
 1.03808524 0.97012941 1.11965392 0.97681201 1.05112973]",0.985166738125106,0.7572962566210678
75,"[0.91611962 1.02330628 1.01399714 0.94890797 1.08249638 1.05024844
 0.9386197  0.96139304 1.02128107 1.03708733 1.08811024 0.97094834
 1.00079605 1.10027991 1.0295054  0.96664234 0.97248374 0.99821003
 0.92626744 1.00797577 1.04538114 1.01475743 0.99559921 0.96602616
 1.04181528 1.05572912 0.86674044 0.9989037  1.0522753  0.89558584
 0.9435299  1.0117366  0.94910782 0.96263295 1.02305182 1.00920945
 0.92674478 1.04359053 0.96603966 1.07736979 1.01446411 1.00057182
 1.03318235 0.96379089 1.11230686 0.98293015 1.04508405]",0.9848314499588693,0.7528606600038324
76,"[0.92279551 1.02488227 1.01362514 0.95677385 1.0797665  1.04176301
 0.94789029 0.97085683 1.01632792 1.04007592 1.08311851 0.96939122
 0.99520056 1.10226429 1.0321275  0.96122745 0.96570745 1.00415243
 0.92199461 1.01185441 1.04565678 1.0179504  0.99530812 0.96915113
 1.05176909 1.05372202 0.87042175 1.00349726 1.04728402 0.90401492
 0.94924474 1.00460814 0.95382025 0.96013413 1.03262168 1.00529387
 0.91684294 1.05349501 0.96974202 1.07774514 1.02383807 0.99510008
 1.0415367  0.96874561 1.10811474 0.98973268 1.03647483]",0.9854865333600861,0.7530615167367236
77,"[0.93110134 1.01932152 1.00547602 0.95498186 1.07171006 1.04127031
 0.9563308  0.97215511 1.02581459 1.03513459 1.08500112 0.96189101
 0.99838989 1.09584086 1.02681023 0.96888988 0.95951921 1.00117806
 0.92621831 1.01792184 1.04903662 1.01104505 0.99515353 0.96352502
 1.05077311 1.05717583 0.86454635 1.00163511 1.04913576 0.90977257
 0.94559257 1.00854381 0.96234207 0.95981288 1.03009823 1.00825691
 0.92032549 1.05440099 0.96803888 1.08164241 1.01944599 0.98878311
 1.03343792 0.9768308  1.10201933 0.98577096 1.03245944]",0.9857540892005435,0.7530420949741619
78,"[0.92917735 1.01930314 0.99664244 0.95963522 1.07173649 1.037429
 0.96483007 0.96465914 1.01920438 1.03855042 1.07673073 0.9559965
 1.00565783 1.09027748 1.03172884 0.96265829 0.951252   1.00491971
 0.92908837 1.02333336 1.04012254 1.01628101 0.98562483 0.96464119
 1.04550011 1.06440598 0.8738827  0.99473707 1.05528111 0.91173919
 0.95241628 1.00241128 0.95615766 0.94990767 1.0346504  1.00892562
 0.92258201 1.04742796 0.96898691 1.08019259 1.02861288 0.97927514
 1.04156847 0.97456104 1.09914939 0.97740642 1.02826048]",0.9860761073488363,0.7534515166934586
79,"[0.93616886 1.01670474 0.99620148 0.96451315 1.06720196 1.03760191
 0.96164022 0.95501208 1.01382766 1.04277821 1.07829607 0.96045445
 1.00540143 1.09367966 1.03594558 0.96649461 0.95885883 1.00307413
 0.93329116 1.02708735 1.0486503  1.01700526 0.98817075 0.97173334
 1.0494376  1.05709254 0.86527098 0.98627907 1.05421512 0.91906543
 0.95387027 1.01155763 0.94960693 0.94004538 1.04043478 1.0120396
 0.91752185 1.04048987 0.97287067 1.08473011 1.03240758 0.97692503
 1.03730193 0.98334602 1.10720928 0.97167741 1.01936593]",0.9857127649559987,0.7533756826209445
80,"[0.93824133 1.02377683 1.00000645 0.96660586 1.06400508 1.03614675
 0.9570246  0.9609062  1.01541208 1.05213121 1.08239451 0.9510786
 0.99587    1.08741236 1.03656144 0.97248061 0.94909331 1.00992775
 0.93331143 1.03121957 1.05240828 1.01138199 0.98936552 0.96883212
 1.03969203 1.05715981 0.86358042 0.97860133 1.04734508 0.9170638
 0.94421654 1.00542415 0.94514748 0.94379766 1.04447285 1.01132716
 0.90797464 1.04729061 0.96947521 1.08810428 1.03216787 0.97762131
 1.03120244 0.98781512 1.10781869 0.97168469 1.01443984]",0.9853703514030284,0.7545634073581836
81,"[0.93109581 1.01952224 0.99667447 0.95889526 1.06039467 1.03797462
 0.96283677 0.96041151 1.01779277 1.04584176 1.07667839 0.95343932
 1.00190067 1.08084988 1.03313219 0.9669585  0.95845647 1.00532086
 0.92478799 1.03981711 1.05672398 1.00905849 0.99874129 0.96201885
 1.04556193 1.06479558 0.87242987 0.9695997  1.05409985 0.91805391
 0.93435366 1.01237362 0.95497688 0.94724642 1.04985257 1.01396158
 0.91168427 1.04780263 0.97261689 1.09350511 1.03133417 0.98570516
 1.03276194 0.9861108  1.10040786 0.97402183 1.00753276]",0.9852236295690405,0.7538157133809362
82,"[0.92683228 1.02004017 0.99897079 0.9671692  1.06764248 1.04229754
 0.95681934 0.95717527 1.01714706 1.03722782 1.08433596 0.95533126
 0.99206017 1.07663078 1.03856955 0.9762616  0.96746445 0.99607857
 0.93134758 1.03738493 1.05424535 1.00818685 0.99586711 0.9625577
 1.05490279 1.05528557 0.87617108 0.97599928 1.06113906 0.91745396
 0.94340014 1.01389908 0.95286673 0.94392828 1.04251036 1.01784475
 0.91442068 1.05037894 0.96500805 1.08405747 1.04036848 0.99009516
 1.02560275 0.97867616 1.09833905 0.96775308 1.00794661]",0.9858213203797079,0.7536252722312312
83,"[0.92526479 1.02106474 0.99318832 0.96093104 1.06210543 1.04380081
 0.95551336 0.96443791 1.01919306 1.02984738 1.08418187 0.95301862
 0.99117546 1.0831576  1.04745975 0.97207347 0.96924759 1.00509435
 0.93027197 1.0348493  1.05465114 1.01144866 1.00011038 0.96689371
 1.05872959 1.04809358 0.87556689 0.96729973 1.05292182 0.92289408
 0.94923411 1.00844011 0.95393092 0.94030225 1.03660276 1.01743438
 0.91964418 1.04074986 0.97448263 1.07471597 1.04082934 0.98414214
 1.023254   0.98347053 1.08869255 0.96561075 1.01562734]",0.9863438037451824,0.7538873097221654
84,"[0.92710647 1.01445213 0.99744612 0.96560825 1.05899534 1.03495222
 0.94610978 0.9717779  1.02530089 1.02338558 1.08716236 0.94738887
 0.98707788 1.08603009 1.04065894 0.97631284 0.9597875  1.00261644
 0.92571336 1.02666172 1.05752393 1.01938311 0.99709348 0.97119991
 1.05304482 1.04800972 0.86810781 0.97006071 1.05039333 0.91808461
 0.94534292 1.0073236  0.9451843  0.94271441 1.02743626 1.02138172
 0.92959521 1.03283306 0.98251246 1.08258884 1.03552063 0.99320759
 1.02867389 0.98021221 1.09380255 0.97141734 1.01804944]",0.986084499644316,0.7533331667802949
85,"[0.93306922 1.00876493 0.99860384 0.96260486 1.05386802 1.03658219
 0.95470366 0.97797403 1.02478977 1.03326956 1.09619889 0.94483778
 0.98274652 1.08438736 1.04369754 0.9819429  0.96400643 0.99455363
 0.9317431  1.02740102 1.06573207 1.01829084 0.99016216 0.97096806
 1.05598702 1.05606086 0.85978608 0.97682152 1.04894962 0.91143295
 0.93795022 0.9989788  0.95061766 0.94786857 1.02478156 1.03021608
 0.93043967 1.03128046 0.98555313 1.08328979 1.04312535 0.9928585
 1.02821327 0.97459997 1.09464272 0.97253128 1.02204744]",0.9855129469167824,0.7523345726890659
86,"[0.94043546 1.0077794  1.00414226 0.95815651 1.04814434 1.03081422
 0.96060967 0.98688922 1.01881183 1.03684829 1.08963846 0.94534401
 0.98539864 1.08154286 1.0379992  0.98083391 0.97377608 0.98775102
 0.93220739 1.02218759 1.0739043  1.02354417 0.99279729 0.96243075
 1.05682813 1.04933667 0.86527662 0.9705343  1.04974512 0.90312562
 0.92960008 0.99526584 0.94715162 0.94555178 1.0268957  1.03712547
 0.92733579 1.03723166 0.97871247 1.09020532 1.05196443 1.00032759
 1.03016561 0.97434083 1.09219509 0.97492084 1.01865591]",0.9852414798514466,0.7524080124382191
87,"[0.93242889 1.01715107 1.00221015 0.95160169 1.05574788 1.03521284
 0.95230778 0.98705201 1.01506442 1.03537606 1.0796689  0.9406363
 0.98019765 1.0717371  1.04557387 0.98169678 0.97258143 0.98135764
 0.92861697 1.01801158 1.07571796 1.01445057 0.99478338 0.96193876
 1.05610031 1.05171784 0.86942679 0.9761294  1.0460466  0.90977913
 0.92586304 0.99484025 0.94032321 0.94879786 1.01837783 1.02805023
 0.92266578 1.03254646 0.98179092 1.09188576 1.04595871 0.99771194
 1.03779918 0.9741834  1.08945802 0.98437783 1.01657137]",0.9853948149027836,0.7526543260395668
88,"[0.93416344 1.01239626 0.99242066 0.95323284 1.05254653 1.03266065
 0.95311122 0.99696054 1.01384818 1.02817812 1.08047378 0.94676015
 0.98619602 1.08008961 1.05007985 0.98572261 0.96273723 0.98473511
 0.93218459 1.01413303 1.0715607  1.01389798 1.0006225  0.96700424
 1.05116055 1.0527904  0.87200169 0.97142004 1.044893   0.90684817
 0.93276309 1.00248548 0.93606238 0.94716783 1.02132889 1.02069194
 0.91745348 1.03067874 0.98751692 1.08698978 1.04746299 1.00436392
 1.04035911 0.97244008 1.09762497 0.97872823 1.02258135]",0.9856518008329479,0.7524971327792187
89,"[0.93662112 1.01953364 1.00222736 0.95088976 1.04799323 1.03944316
 0.94493272 0.99611235 1.01804599 1.0357044  1.08221375 0.94777347
 0.99498828 1.07815806 1.06004705 0.98210026 0.96817537 0.98850027
 0.92908239 1.00502144 1.06933155 1.00429175 0.99660464 0.97380468
 1.04918553 1.04453603 0.880651   0.96262193 1.0541406  0.90865278
 0.93124711 1.00925837 0.93748696 0.93740968 1.02203178 1.0154886
 0.91999788 1.03386465 0.98834614 1.09003573 1.04642443 0.99637566
 1.03865993 0.97349925 1.10243537 0.97482882 1.01979589]",0.985747312911904,0.7527732203299671
90,"[0.93481307 1.01348546 0.99659829 0.94592764 1.05716991 1.03943374
 0.94397165 0.99295802 1.02211406 1.0291533  1.09215772 0.95731969
 0.98783615 1.08112608 1.06914148 0.9884097  0.96877123 0.99568926
 0.92517575 1.00419303 1.06062248 1.00956981 1.00532681 0.96857858
 1.04581176 1.04181683 0.87288309 0.96420678 1.05045402 0.90781266
 0.93539297 1.01550423 0.93170023 0.93908114 1.02546949 1.01984617
 0.91503905 1.03267683 0.99772397 1.09477792 1.04526624 1.00490827
 1.04826835 0.96700175 1.0985901  0.98108808 1.02782225]",0.9851541890774901,0.752730564792585
91,"[0.94302246 1.02286882 0.98959587 0.93725033 1.05212878 1.03168499
 0.94766653 0.99876546 1.01647203 1.03515837 1.08603373 0.96434378
 0.99002482 1.07849634 1.0790672  0.98436419 0.96036034 0.98654096
 0.92816293 1.0037587  1.05549476 1.00411163 1.01352104 0.97239921
 1.05009029 1.0359401  0.87153349 0.9619565  1.04708441 0.90776928
 0.93968948 1.01543675 0.94038802 0.93471462 1.02372107 1.02368206
 0.91621152 1.03477291 1.00173889 1.0967661  1.0390339  1.00932216
 1.04803325 0.96806535 1.10683755 0.98408279 1.01810932]",0.9853460870903497,0.7524112183301421
92,"[0.94533648 1.02689108 0.99908108 0.93073995 1.05102618 1.02682495
 0.93772216 1.00531228 1.00711522 1.03036843 1.09601016 0.9615526
 0.98170139 1.08147617 1.07236591 0.98972218 0.9523407  0.99061631
 0.93525478 1.00666812 1.06312894 1.01378986 1.00744842 0.97162227
 1.05958696 1.04203217 0.87297141 0.95362581 1.04565752 0.89953221
 0.94749756 1.01185934 0.94338148 0.93404005 1.02955776 1.03343414
 0.9207254  1.03226822 1.0031411  1.09561234 1.04171898 1.01450322
 1.05112261 0.9627263  1.10416581 0.99373142 1.02654668]",0.9844758051281935,0.7515771643506103
93,"[0.93832008 1.02788476 1.00437684 0.93845903 1.05755056 1.03678284
 0.94739622 1.00706196 0.99746884 1.03966291 1.09686497 0.96793354
 0.97963684 1.08164966 1.070382   0.99952023 0.9568207  1.00020865
 0.93082904 1.01547313 1.06887539 1.01097856 1.00141129 0.97930727
 1.05291249 1.04834224 0.87823509 0.95223961 1.04897056 0.90929512
 0.94522899 1.01325817 0.94616023 0.92997266 1.03332916 1.03870645
 0.93022793 1.03971516 0.99601414 1.08776812 1.04081725 1.02394264
 1.05173165 0.96370056 1.1063545  1.00330792 1.03243547]",0.9850638352413754,0.7527669877750447
94,"[0.93574173 1.03125594 0.9997294  0.94770145 1.0529212  1.03423621
 0.95025961 1.01119804 1.00015512 1.03026533 1.0962918  0.97550566
 0.97221768 1.09138203 1.0735016  0.99531979 0.95574396 0.99452237
 0.92119172 1.01977078 1.06576166 1.01245325 1.00337716 0.98333751
 1.05213847 1.05599257 0.87738742 0.96064355 1.04059608 0.91397394
 0.94412037 1.01170311 0.94063799 0.92437309 1.04079664 1.04549736
 0.93894626 1.03697418 0.98787598 1.09262089 1.04946246 1.02151709
 1.0575641  0.96867253 1.11461549 0.99779872 1.04052675]",0.9846465030968784,0.7537938801219706
95,"[0.9345643  1.02695552 0.99820846 0.94328365 1.05879433 1.02791746
 0.94429176 1.01298852 1.00862597 1.03595771 1.09746103 0.9693792
 0.96223748 1.09223735 1.06357716 0.9855512  0.95255983 0.99621017
 0.91962266 1.02516367 1.07064843 1.01172965 0.99546635 0.97768798
 1.05390087 1.04613983 0.87031653 0.96429704 1.03890151 0.90658356
 0.95390843 1.00186425 0.9486448  0.92432776 1.03133602 1.04717216
 0.94423288 1.03146145 0.98625235 1.08368417 1.04270267 1.01815274
 1.06385123 0.9783591  1.11912877 0.99619214 1.03319984]",0.9845177135631539,0.7539012818070441
96,"[0.93120185 1.02752864 1.0021474  0.93706966 1.04931954 1.01814182
 0.94580552 1.00695299 1.00407637 1.03077129 1.0995885  0.97020798
 0.95750025 1.10114028 1.06423877 0.98136532 0.95425684 0.98912285
 0.91329592 1.02791365 1.06283836 1.00614406 0.98928735 0.9826881
 1.04423186 1.05169034 0.87782185 0.95866983 1.04781459 0.9046584
 0.95311357 0.99363272 0.95800963 0.92058588 1.03377017 1.03794739
 0.94506521 1.0358717  0.99008896 1.08646197 1.04097492 1.01604322
 1.0562837  0.96884532 1.12087859 1.00523051 1.04163849]",0.9843805663986469,0.7530777252315456
97,"[0.93488628 1.03203348 1.0028094  0.93546571 1.0419461  1.02003544
 0.95508931 1.01688353 1.0083103  1.03046586 1.10167791 0.9647756
 0.96555637 1.09269342 1.05562232 0.98341769 0.95020561 0.98613959
 0.90522538 1.03305691 1.0578167  1.00021097 0.98275215 0.98442989
 1.04939404 1.05937096 0.88197045 0.96131509 1.03864898 0.91014619
 0.95532222 0.9884995  0.96718994 0.92079378 1.02794225 1.03545109
 0.95237871 1.04275544 0.99924809 1.0934437  1.04585289 1.01721133
 1.0629658  0.97744336 1.11948171 0.99751479 1.03237034]",0.9845639452577062,0.7535404901933311
98,"[0.92791897 1.03763346 1.00800624 0.93213156 1.03393535 1.02299506
 0.95368167 1.01034249 1.00787959 1.03797469 1.10991126 0.97312619
 0.96023559 1.0979397  1.05554653 0.99169977 0.94569966 0.98789153
 0.90032952 1.02781382 1.04922296 0.99937869 0.99027637 0.97749123
 1.0451871  1.04950124 0.87996722 0.96345389 1.03309794 0.91203602
 0.95869082 0.98862829 0.96128355 0.91596591 1.03717798 1.03423567
 0.95181801 1.03611718 0.99484944 1.08960495 1.04762283 1.00762656
 1.0721907  0.97932824 1.11744596 1.00387502 1.02450026]",0.9842667958183298,0.7538488736723634
99,"[0.9300889  1.02986121 1.00423382 0.9320642  1.02931743 1.02237072
 0.95960189 1.01467613 1.00021176 1.03598857 1.1022256  0.9691757
 0.97001348 1.0971643  1.05421281 1.00048425 0.95476487 0.9870684
 0.89321286 1.03211675 1.05178682 0.99465376 0.98560693 0.97083747
 1.05288001 1.05827129 0.88502126 0.97094556 1.04066522 0.91109893
 0.94885265 0.98377989 0.96563034 0.90889246 1.036097   1.02725843
 0.95868484 1.0454018  0.99999332 1.08041856 1.0507394  1.00277034
 1.07724553 0.98043353 1.11812522 1.00909992 1.02267897]",0.9843972912951505,0.7532961909936724
